"Gene","Dataset","Trait","Method","HGNC","Transcript","Chromosome","Start","End","Biotype","Z","P","Permutation.P","R2","Top.GWAS.SNP","Top.GWAS.P","Screen.P","Screening.Adjusted.P","Confirmation.P"
"ENSG00000253641","Developmental","ASD","isoTWAS","LINC03022","ENST00000668412",8,10474565,10482388,"lncRNA",3.292358714,0.000993508,0.038961039,0.020158173,"rs4841432",4.4e-08,0.00469289488059771,0.0120152228845898,0.00496754
"ENSG00000269918","Developmental","ASD","isoTWAS","","ENST00000602575",8,11104691,11106704,"lncRNA",5.401764914,6.6e-08,0.000999001,0.022294408,"rs4841432",4.4e-08,6.60000000712453e-08,1.8107797977608e-06,0
