"sample_id","timepoint_num","replicate","timepoint","timepoint_days","n_cells","n_features","total_counts","n_genes","total_gene_counts"
"org_1A",1,"A","1M_Org",30,1398,385659,17684450.0177973,52621,NA
"org_1B",1,"B","1M_Org",30,2716,385659,26892789.0209445,52301,NA
"org_3A",3,"A","3M_Org",90,1359,385659,14949459.018176,51433,NA
"org_3B",3,"B","3M_Org",90,1555,385659,18642651.0212661,52355,NA
"org_3C",3,"C","3M_Org",90,2504,385659,19724625.0254613,54053,NA
"org_6A",6,"A","6M_Org",180,668,385659,10901629.0112455,48405,NA
"org_6B",6,"B","6M_Org",180,1331,385659,21286817.0190126,52049,NA
"org_6C",6,"C","6M_Org",180,1274,385659,15299427.015111,50062,NA
