gene_id,transcript_id,Callosal Projection Neurons (Upper Layer),Glutamatergic Neurons,Intermediate Progenitors (IP),Interneurons,Oligodendrocyte Progenitors,oRG to Astrocytes (Transitioning),oRG to Oligodendrocyte Progenitors (Transitioning),Outer Radial Glia (oRG) - Cycling,Apical Radial Glia (aRG) - Cycling,Cortical Hem Cells,Corticofugal Projection Neurons (Deep Layer),Corticothalamic Projection Neurons (Deep Layer),Glutamatergic Neurons (Unspecified Layer),Outer Radial Glia (oRG),Apical Radial Glia (aRG),Cajal-Retzius Cells,Deep Layer Projection Neurons,Newborn Deep Layer Projection Neurons,Preplate Neurons,Radial Glia (Mixed),Subcortical Progenitors
ENSG00000184588,ENST00000423207.6,24.833333419999995,8.20000004,4.5333334,5.91666674,4.333333399999999,108.42235643999996,11.50000012,19.33333356,0,0,0,0,0,0,0,0,0,0,0,0,0
ENSG00000184588,ENST00000480109.2,6,0.2,2.2,4,4,21.499999999999996,4,1,1,2,0,0,0,0,0,18.6,2.4,1,26.4,2,6
ENSG00000203724,ENST00000367393.8,1.33333334,13.33333334,5.66666668,10,7,118.03883862,13,4,58.4310127,40,0,0,0,0,44,72.43101272,37.78288914,63.949254880000005,115.8620255,19.8620255,4
ENSG00000118260,ENST00000353267.8,611.8669962700001,89.33221834,209.83702925999998,531.3752239999999,149.2874863,666.75123258,340.55152112,170.8078541,68.39965321,25.33313124,255.94952822,379.7961168300001,111.56241844,97.12844,0,0,0,0,0,0,0
ENSG00000204713,ENST00000377199.4,198.6245364899999,0,54.49989958000002,0,0,0,0,0,26.33333334,18.41666668,79.66666705999998,118.00000021999999,111.74419816999998,24.833333399999997,0,0,0,0,0,0,0
ENSG00000148219,ENST00000361477.8,3.18549557,0,0,0,0,0,0,0,0.5,0.25,2.19932365,12.833810161159999,1.25000001,0.16666667,0,0,0,0,0,0,0
ENSG00000262454,ENST00000641294.1,0,0,0,0,0,0,0,0,0,0.33333334,0,0,0,0,0,0,0,0,0,0,0
